"DateID";"FullDate";"Year";"Month";"MonthName";"Day";"DayName";"Week";"Quarter";"IsWeekend"
1;"2023-07-30";2023;7;"July";30;"Sunday";31;3;1
2;"2022-06-19";2022;6;"June";19;"Sunday";25;2;1
3;"2022-06-04";2022;6;"June";4;"Saturday";22;2;1
4;"2022-05-12";2022;5;"May";12;"Thursday";19;2;0
5;"2023-10-26";2023;10;"October";26;"Thursday";43;4;0
6;"2024-01-17";2024;1;"January";17;"Wednesday";2;1;0
7;"2022-07-12";2022;7;"July";12;"Tuesday";28;3;0
8;"2021-08-21";2021;8;"August";21;"Saturday";33;3;1
9;"2022-04-12";2022;4;"April";12;"Tuesday";15;2;0
10;"2023-07-02";2023;7;"July";2;"Sunday";27;3;1
11;"2021-04-28";2021;4;"April";28;"Wednesday";17;2;0
12;"2022-07-11";2022;7;"July";11;"Monday";28;3;0
13;"2021-11-28";2021;11;"November";28;"Sunday";48;4;1
14;"2021-12-05";2021;12;"December";5;"Sunday";49;4;1
15;"2023-02-08";2023;2;"February";8;"Wednesday";6;1;0
16;"2024-01-19";2024;1;"January";19;"Friday";2;1;0
17;"2023-11-28";2023;11;"November";28;"Tuesday";48;4;0
18;"2022-11-03";2022;11;"November";3;"Thursday";44;4;0
19;"2022-09-10";2022;9;"September";10;"Saturday";36;3;1
20;"2021-08-30";2021;8;"August";30;"Monday";35;3;0
21;"2023-07-07";2023;7;"July";7;"Friday";27;3;0
22;"2023-08-14";2023;8;"August";14;"Monday";33;3;0
23;"2023-11-13";2023;11;"November";13;"Monday";46;4;0
24;"2021-12-08";2021;12;"December";8;"Wednesday";49;4;0
25;"2024-03-06";2024;3;"March";6;"Wednesday";9;1;0
26;"2023-12-08";2023;12;"December";8;"Friday";49;4;0
27;"2022-12-22";2022;12;"December";22;"Thursday";51;4;0
28;"2023-07-14";2023;7;"July";14;"Friday";28;3;0
29;"2023-02-18";2023;2;"February";18;"Saturday";7;1;1
30;"2022-12-23";2022;12;"December";23;"Friday";51;4;0
31;"2021-05-12";2021;5;"May";12;"Wednesday";19;2;0
32;"2023-05-26";2023;5;"May";26;"Friday";21;2;0
33;"2021-12-14";2021;12;"December";14;"Tuesday";50;4;0
34;"2022-10-08";2022;10;"October";8;"Saturday";40;4;1
35;"2023-09-16";2023;9;"September";16;"Saturday";37;3;1
36;"2024-01-07";2024;1;"January";7;"Sunday";1;1;1
37;"2023-04-14";2023;4;"April";14;"Friday";15;2;0
38;"2023-05-09";2023;5;"May";9;"Tuesday";19;2;0
39;"2022-04-06";2022;4;"April";6;"Wednesday";14;2;0
40;"2021-04-09";2021;4;"April";9;"Friday";14;2;0
41;"2022-07-28";2022;7;"July";28;"Thursday";30;3;0
42;"2023-06-25";2023;6;"June";25;"Sunday";26;2;1
43;"2023-09-12";2023;9;"September";12;"Tuesday";37;3;0
44;"2023-06-14";2023;6;"June";14;"Wednesday";24;2;0
45;"2024-01-04";2024;1;"January";4;"Thursday";0;1;0
46;"2021-11-08";2021;11;"November";8;"Monday";45;4;0
47;"2023-04-13";2023;4;"April";13;"Thursday";15;2;0
48;"2024-02-19";2024;2;"February";19;"Monday";7;1;0
49;"2023-10-04";2023;10;"October";4;"Wednesday";40;4;0
50;"2021-12-30";2021;12;"December";30;"Thursday";52;4;0
51;"2022-02-14";2022;2;"February";14;"Monday";7;1;0
52;"2022-03-14";2022;3;"March";14;"Monday";11;1;0
53;"2024-01-27";2024;1;"January";27;"Saturday";3;1;1
54;"2022-01-28";2022;1;"January";28;"Friday";4;1;0
55;"2023-11-29";2023;11;"November";29;"Wednesday";48;4;0
56;"2024-02-23";2024;2;"February";23;"Friday";7;1;0
57;"2023-07-08";2023;7;"July";8;"Saturday";27;3;1
58;"2021-03-27";2021;3;"March";27;"Saturday";12;1;1
59;"2022-10-31";2022;10;"October";31;"Monday";44;4;0
60;"2024-02-05";2024;2;"February";5;"Monday";5;1;0
61;"2021-06-30";2021;6;"June";30;"Wednesday";26;2;0
62;"2021-09-04";2021;9;"September";4;"Saturday";35;3;1
63;"2023-01-20";2023;1;"January";20;"Friday";3;1;0
64;"2021-08-03";2021;8;"August";3;"Tuesday";31;3;0
65;"2021-04-17";2021;4;"April";17;"Saturday";15;2;1
66;"2023-01-06";2023;1;"January";6;"Friday";1;1;0
67;"2022-06-12";2022;6;"June";12;"Sunday";24;2;1
68;"2021-05-15";2021;5;"May";15;"Saturday";19;2;1
69;"2024-01-21";2024;1;"January";21;"Sunday";3;1;1
70;"2021-05-30";2021;5;"May";30;"Sunday";22;2;1
71;"2021-11-13";2021;11;"November";13;"Saturday";45;4;1
72;"2021-10-08";2021;10;"October";8;"Friday";40;4;0
73;"2022-03-10";2022;3;"March";10;"Thursday";10;1;0
74;"2021-12-19";2021;12;"December";19;"Sunday";51;4;1
75;"2023-08-07";2023;8;"August";7;"Monday";32;3;0
76;"2023-10-01";2023;10;"October";1;"Sunday";40;4;1
77;"2021-09-11";2021;9;"September";11;"Saturday";36;3;1
78;"2022-07-16";2022;7;"July";16;"Saturday";28;3;1
79;"2022-11-06";2022;11;"November";6;"Sunday";45;4;1
80;"2021-12-17";2021;12;"December";17;"Friday";50;4;0
81;"2023-07-19";2023;7;"July";19;"Wednesday";29;3;0
82;"2022-03-22";2022;3;"March";22;"Tuesday";12;1;0
83;"2023-11-25";2023;11;"November";25;"Saturday";47;4;1
84;"2022-05-19";2022;5;"May";19;"Thursday";20;2;0
85;"2022-11-04";2022;11;"November";4;"Friday";44;4;0
86;"2023-04-12";2023;4;"April";12;"Wednesday";15;2;0
87;"2022-01-25";2022;1;"January";25;"Tuesday";4;1;0
88;"2023-08-11";2023;8;"August";11;"Friday";32;3;0
89;"2024-01-15";2024;1;"January";15;"Monday";2;1;0
90;"2022-09-21";2022;9;"September";21;"Wednesday";38;3;0
91;"2022-06-20";2022;6;"June";20;"Monday";25;2;0
92;"2021-06-20";2021;6;"June";20;"Sunday";25;2;1
93;"2022-08-09";2022;8;"August";9;"Tuesday";32;3;0
94;"2023-08-23";2023;8;"August";23;"Wednesday";34;3;0
95;"2022-10-30";2022;10;"October";30;"Sunday";44;4;1
96;"2022-06-03";2022;6;"June";3;"Friday";22;2;0
97;"2023-11-26";2023;11;"November";26;"Sunday";48;4;1
98;"2022-10-22";2022;10;"October";22;"Saturday";42;4;1
99;"2023-03-08";2023;3;"March";8;"Wednesday";10;1;0
100;"2022-04-14";2022;4;"April";14;"Thursday";15;2;0
101;"2023-06-10";2023;6;"June";10;"Saturday";23;2;1
102;"2021-10-19";2021;10;"October";19;"Tuesday";42;4;0
103;"2021-12-07";2021;12;"December";7;"Tuesday";49;4;0
104;"2022-02-21";2022;2;"February";21;"Monday";8;1;0
105;"2021-04-19";2021;4;"April";19;"Monday";16;2;0
106;"2023-02-12";2023;2;"February";12;"Sunday";7;1;1
107;"2022-05-18";2022;5;"May";18;"Wednesday";20;2;0
108;"2022-08-07";2022;8;"August";7;"Sunday";32;3;1
109;"2021-09-12";2021;9;"September";12;"Sunday";37;3;1
110;"2023-08-18";2023;8;"August";18;"Friday";33;3;0
111;"2023-09-29";2023;9;"September";29;"Friday";39;3;0
112;"2022-03-27";2022;3;"March";27;"Sunday";13;1;1
113;"2022-08-28";2022;8;"August";28;"Sunday";35;3;1
114;"2021-07-23";2021;7;"July";23;"Friday";29;3;0
115;"2022-02-23";2022;2;"February";23;"Wednesday";8;1;0
116;"2021-11-21";2021;11;"November";21;"Sunday";47;4;1
117;"2023-11-17";2023;11;"November";17;"Friday";46;4;0
118;"2022-11-25";2022;11;"November";25;"Friday";47;4;0
119;"2023-11-30";2023;11;"November";30;"Thursday";48;4;0
120;"2023-06-30";2023;6;"June";30;"Friday";26;2;0
121;"2021-07-28";2021;7;"July";28;"Wednesday";30;3;0
122;"2023-07-24";2023;7;"July";24;"Monday";30;3;0
123;"2023-08-13";2023;8;"August";13;"Sunday";33;3;1
124;"2024-02-13";2024;2;"February";13;"Tuesday";6;1;0
125;"2023-12-23";2023;12;"December";23;"Saturday";51;4;1
126;"2021-03-18";2021;3;"March";18;"Thursday";11;1;0
127;"2022-09-13";2022;9;"September";13;"Tuesday";37;3;0
128;"2021-09-06";2021;9;"September";6;"Monday";36;3;0
129;"2021-10-17";2021;10;"October";17;"Sunday";42;4;1
130;"2023-06-04";2023;6;"June";4;"Sunday";23;2;1
131;"2023-06-06";2023;6;"June";6;"Tuesday";23;2;0
132;"2023-09-18";2023;9;"September";18;"Monday";38;3;0
133;"2021-09-05";2021;9;"September";5;"Sunday";36;3;1
134;"2021-10-13";2021;10;"October";13;"Wednesday";41;4;0
135;"2021-06-13";2021;6;"June";13;"Sunday";24;2;1
136;"2021-07-20";2021;7;"July";20;"Tuesday";29;3;0
137;"2021-11-04";2021;11;"November";4;"Thursday";44;4;0
138;"2021-05-23";2021;5;"May";23;"Sunday";21;2;1
139;"2023-04-01";2023;4;"April";1;"Saturday";13;2;1
140;"2021-09-16";2021;9;"September";16;"Thursday";37;3;0
141;"2023-09-19";2023;9;"September";19;"Tuesday";38;3;0
142;"2021-07-19";2021;7;"July";19;"Monday";29;3;0
143;"2022-05-09";2022;5;"May";9;"Monday";19;2;0
144;"2021-12-01";2021;12;"December";1;"Wednesday";48;4;0
145;"2022-06-02";2022;6;"June";2;"Thursday";22;2;0
146;"2022-07-15";2022;7;"July";15;"Friday";28;3;0
147;"2021-12-28";2021;12;"December";28;"Tuesday";52;4;0
148;"2023-11-02";2023;11;"November";2;"Thursday";44;4;0
149;"2021-05-17";2021;5;"May";17;"Monday";20;2;0
150;"2023-02-07";2023;2;"February";7;"Tuesday";6;1;0
151;"2022-11-17";2022;11;"November";17;"Thursday";46;4;0
152;"2023-02-26";2023;2;"February";26;"Sunday";9;1;1
153;"2022-01-29";2022;1;"January";29;"Saturday";4;1;1
154;"2023-03-14";2023;3;"March";14;"Tuesday";11;1;0
155;"2023-05-24";2023;5;"May";24;"Wednesday";21;2;0
156;"2022-05-01";2022;5;"May";1;"Sunday";18;2;1
157;"2021-04-05";2021;4;"April";5;"Monday";14;2;0
158;"2023-09-26";2023;9;"September";26;"Tuesday";39;3;0
159;"2023-02-06";2023;2;"February";6;"Monday";6;1;0
160;"2023-12-16";2023;12;"December";16;"Saturday";50;4;1
161;"2021-03-19";2021;3;"March";19;"Friday";11;1;0
162;"2021-11-25";2021;11;"November";25;"Thursday";47;4;0
163;"2023-03-11";2023;3;"March";11;"Saturday";10;1;1
164;"2021-10-16";2021;10;"October";16;"Saturday";41;4;1
165;"2023-03-09";2023;3;"March";9;"Thursday";10;1;0
166;"2022-07-21";2022;7;"July";21;"Thursday";29;3;0
167;"2022-12-28";2022;12;"December";28;"Wednesday";52;4;0
168;"2022-04-05";2022;4;"April";5;"Tuesday";14;2;0
169;"2022-03-30";2022;3;"March";30;"Wednesday";13;1;0
170;"2022-05-17";2022;5;"May";17;"Tuesday";20;2;0
171;"2021-09-03";2021;9;"September";3;"Friday";35;3;0
172;"2021-08-24";2021;8;"August";24;"Tuesday";34;3;0
173;"2022-02-10";2022;2;"February";10;"Thursday";6;1;0
174;"2021-11-02";2021;11;"November";2;"Tuesday";44;4;0
175;"2021-10-14";2021;10;"October";14;"Thursday";41;4;0
176;"2022-02-22";2022;2;"February";22;"Tuesday";8;1;0
177;"2021-11-12";2021;11;"November";12;"Friday";45;4;0
178;"2023-10-05";2023;10;"October";5;"Thursday";40;4;0
179;"2022-11-26";2022;11;"November";26;"Saturday";47;4;1
180;"2023-03-28";2023;3;"March";28;"Tuesday";13;1;0
181;"2022-12-05";2022;12;"December";5;"Monday";49;4;0
182;"2023-03-13";2023;3;"March";13;"Monday";11;1;0
183;"2023-06-23";2023;6;"June";23;"Friday";25;2;0
184;"2021-04-20";2021;4;"April";20;"Tuesday";16;2;0
185;"2021-07-02";2021;7;"July";2;"Friday";26;3;0
186;"2022-08-14";2022;8;"August";14;"Sunday";33;3;1
187;"2024-01-16";2024;1;"January";16;"Tuesday";2;1;0
188;"2021-08-19";2021;8;"August";19;"Thursday";33;3;0
189;"2023-10-31";2023;10;"October";31;"Tuesday";44;4;0
190;"2021-11-09";2021;11;"November";9;"Tuesday";45;4;0
191;"2021-06-19";2021;6;"June";19;"Saturday";24;2;1
192;"2021-12-24";2021;12;"December";24;"Friday";51;4;0
193;"2023-03-05";2023;3;"March";5;"Sunday";10;1;1
194;"2023-01-10";2023;1;"January";10;"Tuesday";2;1;0
195;"2022-03-21";2022;3;"March";21;"Monday";12;1;0
196;"2021-08-01";2021;8;"August";1;"Sunday";31;3;1
197;"2022-07-08";2022;7;"July";8;"Friday";27;3;0
198;"2023-05-27";2023;5;"May";27;"Saturday";21;2;1
199;"2022-04-30";2022;4;"April";30;"Saturday";17;2;1
200;"2022-10-02";2022;10;"October";2;"Sunday";40;4;1
201;"2022-12-30";2022;12;"December";30;"Friday";52;4;0
202;"2021-09-02";2021;9;"September";2;"Thursday";35;3;0
203;"2024-01-31";2024;1;"January";31;"Wednesday";4;1;0
204;"2022-07-29";2022;7;"July";29;"Friday";30;3;0
205;"2022-01-17";2022;1;"January";17;"Monday";3;1;0
206;"2021-07-31";2021;7;"July";31;"Saturday";30;3;1
207;"2022-11-05";2022;11;"November";5;"Saturday";44;4;1
208;"2023-05-21";2023;5;"May";21;"Sunday";21;2;1
209;"2021-06-25";2021;6;"June";25;"Friday";25;2;0
210;"2022-09-04";2022;9;"September";4;"Sunday";36;3;1
211;"2021-07-10";2021;7;"July";10;"Saturday";27;3;1
212;"2022-12-06";2022;12;"December";6;"Tuesday";49;4;0
213;"2021-04-27";2021;4;"April";27;"Tuesday";17;2;0
214;"2023-07-17";2023;7;"July";17;"Monday";29;3;0
215;"2023-07-26";2023;7;"July";26;"Wednesday";30;3;0
216;"2021-09-13";2021;9;"September";13;"Monday";37;3;0
217;"2022-01-13";2022;1;"January";13;"Thursday";2;1;0
218;"2022-10-05";2022;10;"October";5;"Wednesday";40;4;0
219;"2022-08-16";2022;8;"August";16;"Tuesday";33;3;0
220;"2023-02-20";2023;2;"February";20;"Monday";8;1;0
221;"2022-02-25";2022;2;"February";25;"Friday";8;1;0
222;"2021-04-08";2021;4;"April";8;"Thursday";14;2;0
223;"2022-07-09";2022;7;"July";9;"Saturday";27;3;1
224;"2023-11-20";2023;11;"November";20;"Monday";47;4;0
225;"2022-08-21";2022;8;"August";21;"Sunday";34;3;1
226;"2021-07-14";2021;7;"July";14;"Wednesday";28;3;0
227;"2022-11-19";2022;11;"November";19;"Saturday";46;4;1
228;"2021-12-15";2021;12;"December";15;"Wednesday";50;4;0
229;"2023-06-08";2023;6;"June";8;"Thursday";23;2;0
230;"2023-12-29";2023;12;"December";29;"Friday";52;4;0
231;"2022-09-14";2022;9;"September";14;"Wednesday";37;3;0
232;"2023-10-21";2023;10;"October";21;"Saturday";42;4;1
233;"2022-12-18";2022;12;"December";18;"Sunday";51;4;1
234;"2022-08-02";2022;8;"August";2;"Tuesday";31;3;0
235;"2022-03-08";2022;3;"March";8;"Tuesday";10;1;0
236;"2023-11-04";2023;11;"November";4;"Saturday";44;4;1
237;"2021-03-22";2021;3;"March";22;"Monday";12;1;0
238;"2023-10-22";2023;10;"October";22;"Sunday";43;4;1
239;"2023-05-10";2023;5;"May";10;"Wednesday";19;2;0
240;"2023-10-14";2023;10;"October";14;"Saturday";41;4;1
241;"2022-08-25";2022;8;"August";25;"Thursday";34;3;0
242;"2021-08-22";2021;8;"August";22;"Sunday";34;3;1
243;"2023-04-18";2023;4;"April";18;"Tuesday";16;2;0
244;"2023-04-03";2023;4;"April";3;"Monday";14;2;0
245;"2022-05-10";2022;5;"May";10;"Tuesday";19;2;0
246;"2022-04-03";2022;4;"April";3;"Sunday";14;2;1
247;"2022-01-02";2022;1;"January";2;"Sunday";1;1;1
248;"2021-09-30";2021;9;"September";30;"Thursday";39;3;0
249;"2022-09-16";2022;9;"September";16;"Friday";37;3;0
250;"2023-02-02";2023;2;"February";2;"Thursday";5;1;0
251;"2022-04-17";2022;4;"April";17;"Sunday";16;2;1
252;"2022-02-04";2022;2;"February";4;"Friday";5;1;0
253;"2023-11-01";2023;11;"November";1;"Wednesday";44;4;0
254;"2024-01-12";2024;1;"January";12;"Friday";1;1;0
255;"2023-02-09";2023;2;"February";9;"Thursday";6;1;0
256;"2023-05-04";2023;5;"May";4;"Thursday";18;2;0
257;"2021-05-04";2021;5;"May";4;"Tuesday";18;2;0
258;"2023-09-05";2023;9;"September";5;"Tuesday";36;3;0
259;"2023-08-28";2023;8;"August";28;"Monday";35;3;0
260;"2022-02-13";2022;2;"February";13;"Sunday";7;1;1
261;"2021-12-23";2021;12;"December";23;"Thursday";51;4;0
262;"2023-04-09";2023;4;"April";9;"Sunday";15;2;1
263;"2022-03-02";2022;3;"March";2;"Wednesday";9;1;0
264;"2021-05-28";2021;5;"May";28;"Friday";21;2;0
265;"2023-10-23";2023;10;"October";23;"Monday";43;4;0
266;"2022-11-09";2022;11;"November";9;"Wednesday";45;4;0
267;"2023-10-30";2023;10;"October";30;"Monday";44;4;0
268;"2021-08-17";2021;8;"August";17;"Tuesday";33;3;0
269;"2023-11-08";2023;11;"November";8;"Wednesday";45;4;0
270;"2022-03-25";2022;3;"March";25;"Friday";12;1;0
271;"2021-10-31";2021;10;"October";31;"Sunday";44;4;1
272;"2021-05-27";2021;5;"May";27;"Thursday";21;2;0
273;"2021-11-15";2021;11;"November";15;"Monday";46;4;0
274;"2022-11-27";2022;11;"November";27;"Sunday";48;4;1
275;"2021-08-12";2021;8;"August";12;"Thursday";32;3;0
276;"2023-03-10";2023;3;"March";10;"Friday";10;1;0
277;"2022-08-17";2022;8;"August";17;"Wednesday";33;3;0
278;"2023-04-08";2023;4;"April";8;"Saturday";14;2;1
279;"2023-05-23";2023;5;"May";23;"Tuesday";21;2;0
280;"2021-03-23";2021;3;"March";23;"Tuesday";12;1;0
281;"2024-02-11";2024;2;"February";11;"Sunday";6;1;1
282;"2021-03-20";2021;3;"March";20;"Saturday";11;1;1
283;"2021-07-15";2021;7;"July";15;"Thursday";28;3;0
284;"2023-10-16";2023;10;"October";16;"Monday";42;4;0
285;"2023-01-29";2023;1;"January";29;"Sunday";5;1;1
286;"2022-07-18";2022;7;"July";18;"Monday";29;3;0
287;"2022-09-19";2022;9;"September";19;"Monday";38;3;0
288;"2023-01-12";2023;1;"January";12;"Thursday";2;1;0
289;"2021-09-08";2021;9;"September";8;"Wednesday";36;3;0
290;"2022-08-30";2022;8;"August";30;"Tuesday";35;3;0
291;"2021-06-29";2021;6;"June";29;"Tuesday";26;2;0
292;"2023-10-29";2023;10;"October";29;"Sunday";44;4;1
293;"2021-06-14";2021;6;"June";14;"Monday";24;2;0
294;"2023-11-09";2023;11;"November";9;"Thursday";45;4;0
295;"2022-05-21";2022;5;"May";21;"Saturday";20;2;1
296;"2022-06-05";2022;6;"June";5;"Sunday";23;2;1
297;"2023-11-06";2023;11;"November";6;"Monday";45;4;0
298;"2021-06-15";2021;6;"June";15;"Tuesday";24;2;0
299;"2021-05-10";2021;5;"May";10;"Monday";19;2;0
300;"2023-07-11";2023;7;"July";11;"Tuesday";28;3;0
301;"2023-10-20";2023;10;"October";20;"Friday";42;4;0
302;"2022-01-24";2022;1;"January";24;"Monday";4;1;0
303;"2022-09-05";2022;9;"September";5;"Monday";36;3;0
304;"2023-10-09";2023;10;"October";9;"Monday";41;4;0
305;"2022-08-15";2022;8;"August";15;"Monday";33;3;0
306;"2024-01-06";2024;1;"January";6;"Saturday";0;1;1
307;"2022-07-26";2022;7;"July";26;"Tuesday";30;3;0
308;"2023-02-22";2023;2;"February";22;"Wednesday";8;1;0
309;"2021-10-27";2021;10;"October";27;"Wednesday";43;4;0
310;"2023-05-17";2023;5;"May";17;"Wednesday";20;2;0
311;"2022-02-17";2022;2;"February";17;"Thursday";7;1;0
312;"2021-03-09";2021;3;"March";9;"Tuesday";10;1;0
313;"2022-07-01";2022;7;"July";1;"Friday";26;3;0
314;"2022-02-05";2022;2;"February";5;"Saturday";5;1;1
315;"2024-01-29";2024;1;"January";29;"Monday";4;1;0
316;"2023-12-18";2023;12;"December";18;"Monday";51;4;0
317;"2022-09-12";2022;9;"September";12;"Monday";37;3;0
318;"2022-05-06";2022;5;"May";6;"Friday";18;2;0
319;"2023-04-27";2023;4;"April";27;"Thursday";17;2;0
320;"2021-06-26";2021;6;"June";26;"Saturday";25;2;1
321;"2023-07-29";2023;7;"July";29;"Saturday";30;3;1
322;"2023-06-21";2023;6;"June";21;"Wednesday";25;2;0
323;"2024-02-03";2024;2;"February";3;"Saturday";4;1;1
324;"2021-12-18";2021;12;"December";18;"Saturday";50;4;1
325;"2023-12-13";2023;12;"December";13;"Wednesday";50;4;0
326;"2022-01-04";2022;1;"January";4;"Tuesday";1;1;0
327;"2022-05-29";2022;5;"May";29;"Sunday";22;2;1
328;"2022-02-07";2022;2;"February";7;"Monday";6;1;0
329;"2023-05-22";2023;5;"May";22;"Monday";21;2;0
330;"2021-07-18";2021;7;"July";18;"Sunday";29;3;1
331;"2024-03-07";2024;3;"March";7;"Thursday";9;1;0
332;"2022-08-08";2022;8;"August";8;"Monday";32;3;0
333;"2023-11-16";2023;11;"November";16;"Thursday";46;4;0
334;"2022-08-01";2022;8;"August";1;"Monday";31;3;0
335;"2021-09-21";2021;9;"September";21;"Tuesday";38;3;0
336;"2021-07-03";2021;7;"July";3;"Saturday";26;3;1
337;"2021-03-12";2021;3;"March";12;"Friday";10;1;0
338;"2023-11-07";2023;11;"November";7;"Tuesday";45;4;0
339;"2022-03-26";2022;3;"March";26;"Saturday";12;1;1
340;"2023-07-13";2023;7;"July";13;"Thursday";28;3;0
341;"2022-06-13";2022;6;"June";13;"Monday";24;2;0
342;"2021-07-25";2021;7;"July";25;"Sunday";30;3;1
343;"2022-12-20";2022;12;"December";20;"Tuesday";51;4;0
344;"2022-11-24";2022;11;"November";24;"Thursday";47;4;0
345;"2022-05-04";2022;5;"May";4;"Wednesday";18;2;0
346;"2021-09-22";2021;9;"September";22;"Wednesday";38;3;0
347;"2022-12-11";2022;12;"December";11;"Sunday";50;4;1
348;"2022-12-21";2022;12;"December";21;"Wednesday";51;4;0
349;"2023-03-20";2023;3;"March";20;"Monday";12;1;0
350;"2022-05-30";2022;5;"May";30;"Monday";22;2;0
351;"2021-05-01";2021;5;"May";1;"Saturday";17;2;1
352;"2022-11-02";2022;11;"November";2;"Wednesday";44;4;0
353;"2022-06-14";2022;6;"June";14;"Tuesday";24;2;0
354;"2021-05-25";2021;5;"May";25;"Tuesday";21;2;0
355;"2023-02-28";2023;2;"February";28;"Tuesday";9;1;0
356;"2021-06-21";2021;6;"June";21;"Monday";25;2;0
357;"2021-07-26";2021;7;"July";26;"Monday";30;3;0
358;"2023-04-04";2023;4;"April";4;"Tuesday";14;2;0
359;"2022-05-16";2022;5;"May";16;"Monday";20;2;0
360;"2023-06-11";2023;6;"June";11;"Sunday";24;2;1
361;"2023-01-15";2023;1;"January";15;"Sunday";3;1;1
362;"2023-02-21";2023;2;"February";21;"Tuesday";8;1;0
363;"2021-10-15";2021;10;"October";15;"Friday";41;4;0
364;"2021-05-19";2021;5;"May";19;"Wednesday";20;2;0
365;"2021-04-26";2021;4;"April";26;"Monday";17;2;0
366;"2023-05-18";2023;5;"May";18;"Thursday";20;2;0
367;"2021-07-08";2021;7;"July";8;"Thursday";27;3;0
368;"2021-07-13";2021;7;"July";13;"Tuesday";28;3;0
369;"2023-09-10";2023;9;"September";10;"Sunday";37;3;1
370;"2022-06-25";2022;6;"June";25;"Saturday";25;2;1
371;"2022-11-20";2022;11;"November";20;"Sunday";47;4;1
372;"2021-09-10";2021;9;"September";10;"Friday";36;3;0
373;"2022-02-02";2022;2;"February";2;"Wednesday";5;1;0
374;"2022-03-31";2022;3;"March";31;"Thursday";13;1;0
375;"2023-06-22";2023;6;"June";22;"Thursday";25;2;0
376;"2021-11-18";2021;11;"November";18;"Thursday";46;4;0
377;"2024-02-28";2024;2;"February";28;"Wednesday";8;1;0
378;"2023-01-18";2023;1;"January";18;"Wednesday";3;1;0
379;"2022-06-23";2022;6;"June";23;"Thursday";25;2;0
380;"2021-09-07";2021;9;"September";7;"Tuesday";36;3;0
381;"2022-01-14";2022;1;"January";14;"Friday";2;1;0
382;"2023-09-06";2023;9;"September";6;"Wednesday";36;3;0
383;"2021-08-08";2021;8;"August";8;"Sunday";32;3;1
384;"2021-08-05";2021;8;"August";5;"Thursday";31;3;0
385;"2023-12-26";2023;12;"December";26;"Tuesday";52;4;0
386;"2022-11-29";2022;11;"November";29;"Tuesday";48;4;0
387;"2021-03-16";2021;3;"March";16;"Tuesday";11;1;0
388;"2023-10-15";2023;10;"October";15;"Sunday";42;4;1
389;"2021-12-02";2021;12;"December";2;"Thursday";48;4;0
390;"2021-11-05";2021;11;"November";5;"Friday";44;4;0
391;"2021-06-18";2021;6;"June";18;"Friday";24;2;0
392;"2021-05-11";2021;5;"May";11;"Tuesday";19;2;0
393;"2022-03-03";2022;3;"March";3;"Thursday";9;1;0
394;"2022-09-17";2022;9;"September";17;"Saturday";37;3;1
395;"2023-01-13";2023;1;"January";13;"Friday";2;1;0
396;"2022-01-18";2022;1;"January";18;"Tuesday";3;1;0
397;"2023-03-31";2023;3;"March";31;"Friday";13;1;0
398;"2021-10-12";2021;10;"October";12;"Tuesday";41;4;0
399;"2021-05-14";2021;5;"May";14;"Friday";19;2;0
400;"2021-07-30";2021;7;"July";30;"Friday";30;3;0
401;"2024-01-23";2024;1;"January";23;"Tuesday";3;1;0
402;"2023-02-17";2023;2;"February";17;"Friday";7;1;0
403;"2024-02-29";2024;2;"February";29;"Thursday";8;1;0
404;"2022-08-22";2022;8;"August";22;"Monday";34;3;0
405;"2022-06-09";2022;6;"June";9;"Thursday";23;2;0
406;"2023-08-25";2023;8;"August";25;"Friday";34;3;0
407;"2021-11-19";2021;11;"November";19;"Friday";46;4;0
408;"2021-03-31";2021;3;"March";31;"Wednesday";13;1;0
409;"2022-04-26";2022;4;"April";26;"Tuesday";17;2;0
410;"2022-07-22";2022;7;"July";22;"Friday";29;3;0
411;"2022-11-11";2022;11;"November";11;"Friday";45;4;0
412;"2021-11-07";2021;11;"November";7;"Sunday";45;4;1
413;"2022-12-25";2022;12;"December";25;"Sunday";52;4;1
414;"2021-10-07";2021;10;"October";7;"Thursday";40;4;0
415;"2022-09-02";2022;9;"September";2;"Friday";35;3;0
416;"2022-07-13";2022;7;"July";13;"Wednesday";28;3;0
417;"2021-05-22";2021;5;"May";22;"Saturday";20;2;1
418;"2023-09-03";2023;9;"September";3;"Sunday";36;3;1
419;"2023-04-21";2023;4;"April";21;"Friday";16;2;0
420;"2023-12-03";2023;12;"December";3;"Sunday";49;4;1
421;"2021-09-28";2021;9;"September";28;"Tuesday";39;3;0
422;"2021-09-17";2021;9;"September";17;"Friday";37;3;0
423;"2023-07-16";2023;7;"July";16;"Sunday";29;3;1
424;"2021-06-03";2021;6;"June";3;"Thursday";22;2;0
425;"2023-01-25";2023;1;"January";25;"Wednesday";4;1;0
426;"2023-12-04";2023;12;"December";4;"Monday";49;4;0
427;"2021-11-11";2021;11;"November";11;"Thursday";45;4;0
428;"2022-09-30";2022;9;"September";30;"Friday";39;3;0
429;"2021-06-17";2021;6;"June";17;"Thursday";24;2;0
430;"2023-11-27";2023;11;"November";27;"Monday";48;4;0
431;"2022-03-11";2022;3;"March";11;"Friday";10;1;0
432;"2021-10-23";2021;10;"October";23;"Saturday";42;4;1
433;"2022-09-24";2022;9;"September";24;"Saturday";38;3;1
434;"2021-06-07";2021;6;"June";7;"Monday";23;2;0
435;"2023-06-16";2023;6;"June";16;"Friday";24;2;0
436;"2023-06-09";2023;6;"June";9;"Friday";23;2;0
437;"2023-12-25";2023;12;"December";25;"Monday";52;4;0
438;"2023-12-07";2023;12;"December";7;"Thursday";49;4;0
439;"2022-05-27";2022;5;"May";27;"Friday";21;2;0
440;"2021-08-13";2021;8;"August";13;"Friday";32;3;0
441;"2021-06-02";2021;6;"June";2;"Wednesday";22;2;0
442;"2023-04-28";2023;4;"April";28;"Friday";17;2;0
443;"2023-01-27";2023;1;"January";27;"Friday";4;1;0
444;"2022-01-05";2022;1;"January";5;"Wednesday";1;1;0
445;"2021-09-25";2021;9;"September";25;"Saturday";38;3;1
446;"2022-07-30";2022;7;"July";30;"Saturday";30;3;1
447;"2022-12-04";2022;12;"December";4;"Sunday";49;4;1
448;"2022-08-10";2022;8;"August";10;"Wednesday";32;3;0
449;"2023-07-04";2023;7;"July";4;"Tuesday";27;3;0
450;"2022-12-19";2022;12;"December";19;"Monday";51;4;0
451;"2022-03-13";2022;3;"March";13;"Sunday";11;1;1
452;"2023-11-03";2023;11;"November";3;"Friday";44;4;0
453;"2023-03-17";2023;3;"March";17;"Friday";11;1;0
454;"2021-06-22";2021;6;"June";22;"Tuesday";25;2;0
455;"2022-10-17";2022;10;"October";17;"Monday";42;4;0
456;"2021-10-01";2021;10;"October";1;"Friday";39;4;0
457;"2023-10-02";2023;10;"October";2;"Monday";40;4;0
458;"2022-01-15";2022;1;"January";15;"Saturday";2;1;1
459;"2021-05-18";2021;5;"May";18;"Tuesday";20;2;0
460;"2022-10-21";2022;10;"October";21;"Friday";42;4;0
461;"2023-01-09";2023;1;"January";9;"Monday";2;1;0
462;"2022-10-04";2022;10;"October";4;"Tuesday";40;4;0
463;"2023-08-15";2023;8;"August";15;"Tuesday";33;3;0
464;"2023-07-12";2023;7;"July";12;"Wednesday";28;3;0
465;"2022-07-19";2022;7;"July";19;"Tuesday";29;3;0
466;"2023-10-18";2023;10;"October";18;"Wednesday";42;4;0
467;"2021-04-12";2021;4;"April";12;"Monday";15;2;0
468;"2022-02-27";2022;2;"February";27;"Sunday";9;1;1
469;"2021-04-16";2021;4;"April";16;"Friday";15;2;0
470;"2023-04-24";2023;4;"April";24;"Monday";17;2;0
471;"2023-09-01";2023;9;"September";1;"Friday";35;3;0
472;"2024-01-05";2024;1;"January";5;"Friday";0;1;0
473;"2021-05-13";2021;5;"May";13;"Thursday";19;2;0
474;"2021-07-06";2021;7;"July";6;"Tuesday";27;3;0
475;"2021-12-04";2021;12;"December";4;"Saturday";48;4;1
476;"2023-03-15";2023;3;"March";15;"Wednesday";11;1;0
477;"2021-08-28";2021;8;"August";28;"Saturday";34;3;1
478;"2021-03-28";2021;3;"March";28;"Sunday";13;1;1
479;"2023-05-25";2023;5;"May";25;"Thursday";21;2;0
480;"2023-04-19";2023;4;"April";19;"Wednesday";16;2;0
481;"2023-10-25";2023;10;"October";25;"Wednesday";43;4;0
482;"2022-04-24";2022;4;"April";24;"Sunday";17;2;1
483;"2023-01-02";2023;1;"January";2;"Monday";1;1;0
484;"2021-12-25";2021;12;"December";25;"Saturday";51;4;1
485;"2023-03-23";2023;3;"March";23;"Thursday";12;1;0
486;"2023-02-14";2023;2;"February";14;"Tuesday";7;1;0
487;"2021-04-02";2021;4;"April";2;"Friday";13;2;0
488;"2021-10-03";2021;10;"October";3;"Sunday";40;4;1
489;"2023-08-06";2023;8;"August";6;"Sunday";32;3;1
490;"2021-06-23";2021;6;"June";23;"Wednesday";25;2;0
491;"2023-07-21";2023;7;"July";21;"Friday";29;3;0
492;"2022-05-20";2022;5;"May";20;"Friday";20;2;0
493;"2022-08-23";2022;8;"August";23;"Tuesday";34;3;0
494;"2022-06-07";2022;6;"June";7;"Tuesday";23;2;0
495;"2022-10-11";2022;10;"October";11;"Tuesday";41;4;0
496;"2023-05-20";2023;5;"May";20;"Saturday";20;2;1
497;"2021-07-24";2021;7;"July";24;"Saturday";29;3;1
498;"2023-09-23";2023;9;"September";23;"Saturday";38;3;1
499;"2022-07-07";2022;7;"July";7;"Thursday";27;3;0
500;"2021-08-02";2021;8;"August";2;"Monday";31;3;0
501;"2023-06-05";2023;6;"June";5;"Monday";23;2;0
502;"2023-12-01";2023;12;"December";1;"Friday";48;4;0
503;"2022-02-01";2022;2;"February";1;"Tuesday";5;1;0
504;"2023-08-29";2023;8;"August";29;"Tuesday";35;3;0
505;"2023-04-16";2023;4;"April";16;"Sunday";16;2;1
506;"2021-05-06";2021;5;"May";6;"Thursday";18;2;0
507;"2022-07-06";2022;7;"July";6;"Wednesday";27;3;0
508;"2022-07-04";2022;7;"July";4;"Monday";27;3;0
509;"2023-09-21";2023;9;"September";21;"Thursday";38;3;0
510;"2021-08-29";2021;8;"August";29;"Sunday";35;3;1
511;"2023-11-23";2023;11;"November";23;"Thursday";47;4;0
512;"2022-06-22";2022;6;"June";22;"Wednesday";25;2;0
513;"2021-09-26";2021;9;"September";26;"Sunday";39;3;1
514;"2022-01-23";2022;1;"January";23;"Sunday";4;1;1
515;"2022-05-28";2022;5;"May";28;"Saturday";21;2;1
516;"2022-02-06";2022;2;"February";6;"Sunday";6;1;1
517;"2023-04-11";2023;4;"April";11;"Tuesday";15;2;0
518;"2022-03-16";2022;3;"March";16;"Wednesday";11;1;0
519;"2023-06-15";2023;6;"June";15;"Thursday";24;2;0
520;"2023-12-22";2023;12;"December";22;"Friday";51;4;0
521;"2023-08-12";2023;8;"August";12;"Saturday";32;3;1
522;"2021-03-14";2021;3;"March";14;"Sunday";11;1;1
523;"2022-05-23";2022;5;"May";23;"Monday";21;2;0
524;"2021-10-30";2021;10;"October";30;"Saturday";43;4;1
525;"2024-01-20";2024;1;"January";20;"Saturday";2;1;1
526;"2022-03-23";2022;3;"March";23;"Wednesday";12;1;0
527;"2023-07-28";2023;7;"July";28;"Friday";30;3;0
528;"2023-01-01";2023;1;"January";1;"Sunday";1;1;1
529;"2021-07-29";2021;7;"July";29;"Thursday";30;3;0
530;"2021-05-07";2021;5;"May";7;"Friday";18;2;0
531;"2023-03-12";2023;3;"March";12;"Sunday";11;1;1
532;"2023-03-03";2023;3;"March";3;"Friday";9;1;0
533;"2024-03-05";2024;3;"March";5;"Tuesday";9;1;0
534;"2022-01-31";2022;1;"January";31;"Monday";5;1;0
535;"2023-12-20";2023;12;"December";20;"Wednesday";51;4;0
536;"2023-08-10";2023;8;"August";10;"Thursday";32;3;0
537;"2021-08-23";2021;8;"August";23;"Monday";34;3;0
538;"2024-02-06";2024;2;"February";6;"Tuesday";5;1;0
539;"2022-01-03";2022;1;"January";3;"Monday";1;1;0
540;"2021-04-25";2021;4;"April";25;"Sunday";17;2;1
541;"2021-07-05";2021;7;"July";5;"Monday";27;3;0
542;"2022-12-08";2022;12;"December";8;"Thursday";49;4;0
543;"2022-03-18";2022;3;"March";18;"Friday";11;1;0
544;"2022-06-17";2022;6;"June";17;"Friday";24;2;0
545;"2021-05-03";2021;5;"May";3;"Monday";18;2;0
546;"2022-06-06";2022;6;"June";6;"Monday";23;2;0
547;"2024-02-24";2024;2;"February";24;"Saturday";7;1;1
548;"2023-07-23";2023;7;"July";23;"Sunday";30;3;1
549;"2023-04-20";2023;4;"April";20;"Thursday";16;2;0
550;"2021-12-26";2021;12;"December";26;"Sunday";52;4;1
551;"2023-02-27";2023;2;"February";27;"Monday";9;1;0
552;"2022-05-22";2022;5;"May";22;"Sunday";21;2;1
553;"2022-07-24";2022;7;"July";24;"Sunday";30;3;1
554;"2023-12-27";2023;12;"December";27;"Wednesday";52;4;0
555;"2021-12-03";2021;12;"December";3;"Friday";48;4;0
556;"2021-08-09";2021;8;"August";9;"Monday";32;3;0
557;"2021-12-13";2021;12;"December";13;"Monday";50;4;0
558;"2021-06-11";2021;6;"June";11;"Friday";23;2;0
559;"2024-01-25";2024;1;"January";25;"Thursday";3;1;0
560;"2022-12-17";2022;12;"December";17;"Saturday";50;4;1
561;"2022-12-09";2022;12;"December";9;"Friday";49;4;0
562;"2021-04-30";2021;4;"April";30;"Friday";17;2;0
563;"2022-08-26";2022;8;"August";26;"Friday";34;3;0
564;"2022-02-24";2022;2;"February";24;"Thursday";8;1;0
565;"2022-11-15";2022;11;"November";15;"Tuesday";46;4;0
566;"2021-12-20";2021;12;"December";20;"Monday";51;4;0
567;"2023-05-13";2023;5;"May";13;"Saturday";19;2;1
568;"2022-01-11";2022;1;"January";11;"Tuesday";2;1;0
569;"2022-05-14";2022;5;"May";14;"Saturday";19;2;1
570;"2023-05-01";2023;5;"May";1;"Monday";18;2;0
571;"2022-02-09";2022;2;"February";9;"Wednesday";6;1;0
572;"2022-10-26";2022;10;"October";26;"Wednesday";43;4;0
573;"2022-03-15";2022;3;"March";15;"Tuesday";11;1;0
574;"2021-09-15";2021;9;"September";15;"Wednesday";37;3;0
575;"2021-03-08";2021;3;"March";8;"Monday";10;1;0
576;"2022-02-12";2022;2;"February";12;"Saturday";6;1;1
577;"2022-08-05";2022;8;"August";5;"Friday";31;3;0
578;"2023-12-06";2023;12;"December";6;"Wednesday";49;4;0
579;"2023-05-07";2023;5;"May";7;"Sunday";19;2;1
580;"2022-10-18";2022;10;"October";18;"Tuesday";42;4;0
581;"2021-04-24";2021;4;"April";24;"Saturday";16;2;1
582;"2022-01-01";2022;1;"January";1;"Saturday";0;1;1
583;"2021-10-10";2021;10;"October";10;"Sunday";41;4;1
584;"2023-01-17";2023;1;"January";17;"Tuesday";3;1;0
585;"2024-02-10";2024;2;"February";10;"Saturday";5;1;1
586;"2021-05-08";2021;5;"May";8;"Saturday";18;2;1
587;"2023-11-05";2023;11;"November";5;"Sunday";45;4;1
588;"2024-02-02";2024;2;"February";2;"Friday";4;1;0
589;"2023-09-24";2023;9;"September";24;"Sunday";39;3;1
590;"2021-03-21";2021;3;"March";21;"Sunday";12;1;1
591;"2022-12-29";2022;12;"December";29;"Thursday";52;4;0
592;"2023-08-17";2023;8;"August";17;"Thursday";33;3;0
593;"2021-04-13";2021;4;"April";13;"Tuesday";15;2;0
594;"2023-03-16";2023;3;"March";16;"Thursday";11;1;0
595;"2023-12-31";2023;12;"December";31;"Sunday";53;4;1
596;"2021-12-29";2021;12;"December";29;"Wednesday";52;4;0
597;"2023-09-30";2023;9;"September";30;"Saturday";39;3;1
598;"2023-06-24";2023;6;"June";24;"Saturday";25;2;1
599;"2022-04-27";2022;4;"April";27;"Wednesday";17;2;0
600;"2022-01-12";2022;1;"January";12;"Wednesday";2;1;0
601;"2023-03-22";2023;3;"March";22;"Wednesday";12;1;0
602;"2021-08-07";2021;8;"August";7;"Saturday";31;3;1
603;"2023-02-04";2023;2;"February";4;"Saturday";5;1;1
604;"2023-12-30";2023;12;"December";30;"Saturday";52;4;1
605;"2023-11-21";2023;11;"November";21;"Tuesday";47;4;0
606;"2023-01-07";2023;1;"January";7;"Saturday";1;1;1
607;"2021-10-28";2021;10;"October";28;"Thursday";43;4;0
608;"2023-06-19";2023;6;"June";19;"Monday";25;2;0
609;"2022-05-24";2022;5;"May";24;"Tuesday";21;2;0
610;"2024-02-25";2024;2;"February";25;"Sunday";8;1;1
611;"2023-01-31";2023;1;"January";31;"Tuesday";5;1;0
612;"2023-04-29";2023;4;"April";29;"Saturday";17;2;1
613;"2022-10-07";2022;10;"October";7;"Friday";40;4;0
614;"2023-05-31";2023;5;"May";31;"Wednesday";22;2;0
615;"2022-04-15";2022;4;"April";15;"Friday";15;2;0
616;"2021-11-27";2021;11;"November";27;"Saturday";47;4;1
617;"2023-07-05";2023;7;"July";5;"Wednesday";27;3;0
618;"2023-01-05";2023;1;"January";5;"Thursday";1;1;0
619;"2021-08-26";2021;8;"August";26;"Thursday";34;3;0
620;"2023-03-01";2023;3;"March";1;"Wednesday";9;1;0
621;"2024-02-27";2024;2;"February";27;"Tuesday";8;1;0
622;"2024-02-14";2024;2;"February";14;"Wednesday";6;1;0
623;"2021-11-23";2021;11;"November";23;"Tuesday";47;4;0
624;"2023-03-26";2023;3;"March";26;"Sunday";13;1;1
625;"2022-03-01";2022;3;"March";1;"Tuesday";9;1;0
626;"2022-09-22";2022;9;"September";22;"Thursday";38;3;0
627;"2023-04-17";2023;4;"April";17;"Monday";16;2;0
628;"2021-09-23";2021;9;"September";23;"Thursday";38;3;0
629;"2022-10-19";2022;10;"October";19;"Wednesday";42;4;0
630;"2022-05-07";2022;5;"May";7;"Saturday";18;2;1
631;"2022-01-10";2022;1;"January";10;"Monday";2;1;0
632;"2023-12-02";2023;12;"December";2;"Saturday";48;4;1
633;"2023-06-13";2023;6;"June";13;"Tuesday";24;2;0
634;"2023-03-21";2023;3;"March";21;"Tuesday";12;1;0
635;"2024-01-22";2024;1;"January";22;"Monday";3;1;0
636;"2022-08-04";2022;8;"August";4;"Thursday";31;3;0
637;"2024-03-01";2024;3;"March";1;"Friday";8;1;0
638;"2023-02-19";2023;2;"February";19;"Sunday";8;1;1
639;"2023-10-27";2023;10;"October";27;"Friday";43;4;0
640;"2023-08-30";2023;8;"August";30;"Wednesday";35;3;0
641;"2023-05-30";2023;5;"May";30;"Tuesday";22;2;0
642;"2021-08-14";2021;8;"August";14;"Saturday";32;3;1
643;"2023-08-03";2023;8;"August";3;"Thursday";31;3;0
644;"2022-02-08";2022;2;"February";8;"Tuesday";6;1;0
645;"2023-12-12";2023;12;"December";12;"Tuesday";50;4;0
646;"2022-01-08";2022;1;"January";8;"Saturday";1;1;1
647;"2023-01-16";2023;1;"January";16;"Monday";3;1;0
648;"2023-04-05";2023;4;"April";5;"Wednesday";14;2;0
649;"2021-07-22";2021;7;"July";22;"Thursday";29;3;0
650;"2021-03-30";2021;3;"March";30;"Tuesday";13;1;0
651;"2022-09-25";2022;9;"September";25;"Sunday";39;3;1
652;"2021-05-26";2021;5;"May";26;"Wednesday";21;2;0
653;"2021-11-20";2021;11;"November";20;"Saturday";46;4;1
654;"2024-02-21";2024;2;"February";21;"Wednesday";7;1;0
655;"2021-07-12";2021;7;"July";12;"Monday";28;3;0
656;"2021-12-31";2021;12;"December";31;"Friday";52;4;0
657;"2023-11-12";2023;11;"November";12;"Sunday";46;4;1
658;"2021-09-14";2021;9;"September";14;"Tuesday";37;3;0
659;"2023-08-31";2023;8;"August";31;"Thursday";35;3;0
660;"2023-09-27";2023;9;"September";27;"Wednesday";39;3;0
661;"2023-12-21";2023;12;"December";21;"Thursday";51;4;0
662;"2021-08-16";2021;8;"August";16;"Monday";33;3;0
663;"2021-04-23";2021;4;"April";23;"Friday";16;2;0
664;"2024-02-15";2024;2;"February";15;"Thursday";6;1;0
665;"2023-06-01";2023;6;"June";1;"Thursday";22;2;0
666;"2023-09-28";2023;9;"September";28;"Thursday";39;3;0
667;"2022-02-19";2022;2;"February";19;"Saturday";7;1;1
668;"2023-05-15";2023;5;"May";15;"Monday";20;2;0
669;"2022-06-26";2022;6;"June";26;"Sunday";26;2;1
670;"2021-09-29";2021;9;"September";29;"Wednesday";39;3;0
671;"2022-07-05";2022;7;"July";5;"Tuesday";27;3;0
672;"2022-01-21";2022;1;"January";21;"Friday";3;1;0
673;"2021-04-10";2021;4;"April";10;"Saturday";14;2;1
674;"2021-06-24";2021;6;"June";24;"Thursday";25;2;0
675;"2023-08-20";2023;8;"August";20;"Sunday";34;3;1
676;"2022-03-24";2022;3;"March";24;"Thursday";12;1;0
677;"2021-08-06";2021;8;"August";6;"Friday";31;3;0
678;"2022-04-21";2022;4;"April";21;"Thursday";16;2;0
679;"2021-04-14";2021;4;"April";14;"Wednesday";15;2;0
680;"2023-02-10";2023;2;"February";10;"Friday";6;1;0
681;"2022-10-06";2022;10;"October";6;"Thursday";40;4;0
682;"2021-08-27";2021;8;"August";27;"Friday";34;3;0
683;"2023-06-26";2023;6;"June";26;"Monday";26;2;0
684;"2023-09-08";2023;9;"September";8;"Friday";36;3;0
685;"2022-05-03";2022;5;"May";3;"Tuesday";18;2;0
686;"2022-03-12";2022;3;"March";12;"Saturday";10;1;1
687;"2021-08-20";2021;8;"August";20;"Friday";33;3;0
688;"2023-08-08";2023;8;"August";8;"Tuesday";32;3;0
689;"2023-10-08";2023;10;"October";8;"Sunday";41;4;1
690;"2021-12-12";2021;12;"December";12;"Sunday";50;4;1
691;"2023-12-17";2023;12;"December";17;"Sunday";51;4;1
692;"2022-02-18";2022;2;"February";18;"Friday";7;1;0
693;"2022-07-27";2022;7;"July";27;"Wednesday";30;3;0
694;"2022-12-03";2022;12;"December";3;"Saturday";48;4;1
695;"2022-02-28";2022;2;"February";28;"Monday";9;1;0
696;"2022-08-27";2022;8;"August";27;"Saturday";34;3;1
697;"2022-04-10";2022;4;"April";10;"Sunday";15;2;1
698;"2022-10-10";2022;10;"October";10;"Monday";41;4;0
699;"2021-11-22";2021;11;"November";22;"Monday";47;4;0
700;"2022-01-27";2022;1;"January";27;"Thursday";4;1;0
701;"2022-05-31";2022;5;"May";31;"Tuesday";22;2;0
702;"2024-02-17";2024;2;"February";17;"Saturday";6;1;1
703;"2021-10-29";2021;10;"October";29;"Friday";43;4;0
704;"2022-05-05";2022;5;"May";5;"Thursday";18;2;0
705;"2022-10-24";2022;10;"October";24;"Monday";43;4;0
706;"2023-02-13";2023;2;"February";13;"Monday";7;1;0
707;"2024-03-08";2024;3;"March";8;"Friday";9;1;0
708;"2022-03-06";2022;3;"March";6;"Sunday";10;1;1
709;"2021-12-22";2021;12;"December";22;"Wednesday";51;4;0
710;"2023-02-24";2023;2;"February";24;"Friday";8;1;0
711;"2022-07-10";2022;7;"July";10;"Sunday";28;3;1
712;"2023-02-11";2023;2;"February";11;"Saturday";6;1;1
713;"2023-07-20";2023;7;"July";20;"Thursday";29;3;0
714;"2021-04-15";2021;4;"April";15;"Thursday";15;2;0
715;"2022-01-30";2022;1;"January";30;"Sunday";5;1;1
716;"2023-11-14";2023;11;"November";14;"Tuesday";46;4;0
717;"2021-06-28";2021;6;"June";28;"Monday";26;2;0
718;"2023-08-22";2023;8;"August";22;"Tuesday";34;3;0
719;"2023-04-07";2023;4;"April";7;"Friday";14;2;0
720;"2022-05-11";2022;5;"May";11;"Wednesday";19;2;0
721;"2021-12-10";2021;12;"December";10;"Friday";49;4;0
722;"2021-06-12";2021;6;"June";12;"Saturday";23;2;1
723;"2023-09-17";2023;9;"September";17;"Sunday";38;3;1
724;"2023-10-28";2023;10;"October";28;"Saturday";43;4;1
725;"2021-05-21";2021;5;"May";21;"Friday";20;2;0
726;"2021-10-09";2021;10;"October";9;"Saturday";40;4;1
727;"2021-04-11";2021;4;"April";11;"Sunday";15;2;1
728;"2021-03-25";2021;3;"March";25;"Thursday";12;1;0
729;"2022-10-28";2022;10;"October";28;"Friday";43;4;0
730;"2024-02-22";2024;2;"February";22;"Thursday";7;1;0
731;"2021-10-02";2021;10;"October";2;"Saturday";39;4;1
732;"2022-12-13";2022;12;"December";13;"Tuesday";50;4;0
733;"2023-12-09";2023;12;"December";9;"Saturday";49;4;1
734;"2021-08-18";2021;8;"August";18;"Wednesday";33;3;0
735;"2022-01-06";2022;1;"January";6;"Thursday";1;1;0
736;"2024-01-02";2024;1;"January";2;"Tuesday";0;1;0
737;"2022-11-18";2022;11;"November";18;"Friday";46;4;0
738;"2023-09-11";2023;9;"September";11;"Monday";37;3;0
739;"2024-01-10";2024;1;"January";10;"Wednesday";1;1;0
740;"2021-05-09";2021;5;"May";9;"Sunday";19;2;1
741;"2021-11-24";2021;11;"November";24;"Wednesday";47;4;0
742;"2021-09-27";2021;9;"September";27;"Monday";39;3;0
743;"2022-12-31";2022;12;"December";31;"Saturday";52;4;1
744;"2022-10-23";2022;10;"October";23;"Sunday";43;4;1
745;"2023-01-23";2023;1;"January";23;"Monday";4;1;0
746;"2023-05-02";2023;5;"May";2;"Tuesday";18;2;0
747;"2022-02-03";2022;2;"February";3;"Thursday";5;1;0
748;"2023-10-13";2023;10;"October";13;"Friday";41;4;0
749;"2021-09-18";2021;9;"September";18;"Saturday";37;3;1
750;"2023-12-24";2023;12;"December";24;"Sunday";52;4;1
751;"2022-07-20";2022;7;"July";20;"Wednesday";29;3;0
752;"2023-06-27";2023;6;"June";27;"Tuesday";26;2;0
753;"2022-09-01";2022;9;"September";1;"Thursday";35;3;0
754;"2022-10-14";2022;10;"October";14;"Friday";41;4;0
755;"2022-01-16";2022;1;"January";16;"Sunday";3;1;1
756;"2022-11-14";2022;11;"November";14;"Monday";46;4;0
757;"2023-05-05";2023;5;"May";5;"Friday";18;2;0
758;"2021-03-10";2021;3;"March";10;"Wednesday";10;1;0
759;"2024-02-18";2024;2;"February";18;"Sunday";7;1;1
760;"2023-05-08";2023;5;"May";8;"Monday";19;2;0
761;"2023-08-19";2023;8;"August";19;"Saturday";33;3;1
762;"2023-03-30";2023;3;"March";30;"Thursday";13;1;0
763;"2022-12-10";2022;12;"December";10;"Saturday";49;4;1
764;"2023-08-21";2023;8;"August";21;"Monday";34;3;0
765;"2022-06-16";2022;6;"June";16;"Thursday";24;2;0
766;"2023-09-07";2023;9;"September";7;"Thursday";36;3;0
767;"2023-02-25";2023;2;"February";25;"Saturday";8;1;1
768;"2022-11-22";2022;11;"November";22;"Tuesday";47;4;0
769;"2023-03-24";2023;3;"March";24;"Friday";12;1;0
770;"2021-09-24";2021;9;"September";24;"Friday";38;3;0
771;"2024-01-09";2024;1;"January";9;"Tuesday";1;1;0
772;"2024-02-04";2024;2;"February";4;"Sunday";5;1;1
773;"2021-09-20";2021;9;"September";20;"Monday";38;3;0
774;"2021-11-30";2021;11;"November";30;"Tuesday";48;4;0
775;"2023-08-01";2023;8;"August";1;"Tuesday";31;3;0
776;"2022-10-16";2022;10;"October";16;"Sunday";42;4;1
777;"2022-03-07";2022;3;"March";7;"Monday";10;1;0
778;"2021-10-20";2021;10;"October";20;"Wednesday";42;4;0
779;"2023-03-06";2023;3;"March";6;"Monday";10;1;0
780;"2021-10-26";2021;10;"October";26;"Tuesday";43;4;0
781;"2022-07-17";2022;7;"July";17;"Sunday";29;3;1
782;"2022-11-08";2022;11;"November";8;"Tuesday";45;4;0
783;"2022-04-28";2022;4;"April";28;"Thursday";17;2;0
784;"2021-03-26";2021;3;"March";26;"Friday";12;1;0
785;"2021-04-21";2021;4;"April";21;"Wednesday";16;2;0
786;"2021-03-11";2021;3;"March";11;"Thursday";10;1;0
787;"2022-10-13";2022;10;"October";13;"Thursday";41;4;0
788;"2022-05-15";2022;5;"May";15;"Sunday";20;2;1
789;"2023-08-02";2023;8;"August";2;"Wednesday";31;3;0
790;"2022-08-03";2022;8;"August";3;"Wednesday";31;3;0
791;"2022-09-23";2022;9;"September";23;"Friday";38;3;0
792;"2022-01-22";2022;1;"January";22;"Saturday";3;1;1
793;"2021-06-04";2021;6;"June";4;"Friday";22;2;0
794;"2024-02-20";2024;2;"February";20;"Tuesday";7;1;0
795;"2024-02-01";2024;2;"February";1;"Thursday";4;1;0
796;"2021-06-10";2021;6;"June";10;"Thursday";23;2;0
797;"2022-10-25";2022;10;"October";25;"Tuesday";43;4;0
798;"2022-08-13";2022;8;"August";13;"Saturday";32;3;1
799;"2022-04-25";2022;4;"April";25;"Monday";17;2;0
800;"2021-10-22";2021;10;"October";22;"Friday";42;4;0
801;"2023-05-19";2023;5;"May";19;"Friday";20;2;0
802;"2021-05-05";2021;5;"May";5;"Wednesday";18;2;0
803;"2024-01-08";2024;1;"January";8;"Monday";1;1;0
804;"2023-10-12";2023;10;"October";12;"Thursday";41;4;0
805;"2023-12-15";2023;12;"December";15;"Friday";50;4;0
806;"2023-10-06";2023;10;"October";6;"Friday";40;4;0
807;"2022-10-27";2022;10;"October";27;"Thursday";43;4;0
808;"2023-02-01";2023;2;"February";1;"Wednesday";5;1;0
809;"2021-11-29";2021;11;"November";29;"Monday";48;4;0
810;"2022-09-20";2022;9;"September";20;"Tuesday";38;3;0
811;"2022-08-18";2022;8;"August";18;"Thursday";33;3;0
812;"2023-07-03";2023;7;"July";3;"Monday";27;3;0
813;"2022-05-08";2022;5;"May";8;"Sunday";19;2;1
814;"2023-05-29";2023;5;"May";29;"Monday";22;2;0
815;"2023-04-06";2023;4;"April";6;"Thursday";14;2;0
816;"2021-05-29";2021;5;"May";29;"Saturday";21;2;1
817;"2023-05-28";2023;5;"May";28;"Sunday";22;2;1
818;"2023-03-29";2023;3;"March";29;"Wednesday";13;1;0
819;"2021-12-16";2021;12;"December";16;"Thursday";50;4;0
820;"2023-07-25";2023;7;"July";25;"Tuesday";30;3;0
821;"2022-02-26";2022;2;"February";26;"Saturday";8;1;1
822;"2022-07-25";2022;7;"July";25;"Monday";30;3;0
823;"2021-12-27";2021;12;"December";27;"Monday";52;4;0
824;"2023-03-04";2023;3;"March";4;"Saturday";9;1;1
825;"2023-06-03";2023;6;"June";3;"Saturday";22;2;1
826;"2022-06-15";2022;6;"June";15;"Wednesday";24;2;0
827;"2023-12-11";2023;12;"December";11;"Monday";50;4;0
828;"2022-07-02";2022;7;"July";2;"Saturday";26;3;1
829;"2022-04-23";2022;4;"April";23;"Saturday";16;2;1
830;"2021-09-01";2021;9;"September";1;"Wednesday";35;3;0
831;"2023-03-19";2023;3;"March";19;"Sunday";12;1;1
832;"2023-06-02";2023;6;"June";2;"Friday";22;2;0
833;"2022-12-24";2022;12;"December";24;"Saturday";51;4;1
834;"2021-07-27";2021;7;"July";27;"Tuesday";30;3;0
835;"2022-09-09";2022;9;"September";9;"Friday";36;3;0
836;"2023-12-28";2023;12;"December";28;"Thursday";52;4;0
837;"2023-01-26";2023;1;"January";26;"Thursday";4;1;0
838;"2022-09-18";2022;9;"September";18;"Sunday";38;3;1
839;"2021-10-24";2021;10;"October";24;"Sunday";43;4;1
840;"2022-12-27";2022;12;"December";27;"Tuesday";52;4;0
841;"2023-09-22";2023;9;"September";22;"Friday";38;3;0
842;"2021-04-29";2021;4;"April";29;"Thursday";17;2;0
843;"2023-07-18";2023;7;"July";18;"Tuesday";29;3;0
844;"2021-03-17";2021;3;"March";17;"Wednesday";11;1;0
845;"2023-01-28";2023;1;"January";28;"Saturday";4;1;1
846;"2023-09-15";2023;9;"September";15;"Friday";37;3;0
847;"2022-01-09";2022;1;"January";9;"Sunday";2;1;1
848;"2022-09-29";2022;9;"September";29;"Thursday";39;3;0
849;"2022-10-29";2022;10;"October";29;"Saturday";43;4;1
850;"2023-11-15";2023;11;"November";15;"Wednesday";46;4;0
851;"2022-06-24";2022;6;"June";24;"Friday";25;2;0
852;"2021-07-04";2021;7;"July";4;"Sunday";27;3;1
853;"2023-09-09";2023;9;"September";9;"Saturday";36;3;1
854;"2022-08-06";2022;8;"August";6;"Saturday";31;3;1
855;"2021-07-16";2021;7;"July";16;"Friday";28;3;0
856;"2021-11-26";2021;11;"November";26;"Friday";47;4;0
857;"2022-05-26";2022;5;"May";26;"Thursday";21;2;0
858;"2022-02-20";2022;2;"February";20;"Sunday";8;1;1
859;"2023-04-15";2023;4;"April";15;"Saturday";15;2;1
860;"2022-11-12";2022;11;"November";12;"Saturday";45;4;1
861;"2024-01-26";2024;1;"January";26;"Friday";3;1;0
862;"2022-09-03";2022;9;"September";3;"Saturday";35;3;1
863;"2023-06-20";2023;6;"June";20;"Tuesday";25;2;0
864;"2022-09-08";2022;9;"September";8;"Thursday";36;3;0
865;"2021-04-04";2021;4;"April";4;"Sunday";14;2;1
866;"2021-11-16";2021;11;"November";16;"Tuesday";46;4;0
867;"2024-03-04";2024;3;"March";4;"Monday";9;1;0
868;"2021-07-11";2021;7;"July";11;"Sunday";28;3;1
869;"2022-04-08";2022;4;"April";8;"Friday";14;2;0
870;"2022-11-10";2022;11;"November";10;"Thursday";45;4;0
871;"2022-06-11";2022;6;"June";11;"Saturday";23;2;1
872;"2021-11-01";2021;11;"November";1;"Monday";44;4;0
873;"2022-04-13";2022;4;"April";13;"Wednesday";15;2;0
874;"2023-01-14";2023;1;"January";14;"Saturday";2;1;1
875;"2023-06-17";2023;6;"June";17;"Saturday";24;2;1
876;"2024-01-18";2024;1;"January";18;"Thursday";2;1;0
877;"2021-07-07";2021;7;"July";7;"Wednesday";27;3;0
878;"2023-10-10";2023;10;"October";10;"Tuesday";41;4;0
879;"2021-05-02";2021;5;"May";2;"Sunday";18;2;1
880;"2023-06-29";2023;6;"June";29;"Thursday";26;2;0
881;"2022-06-30";2022;6;"June";30;"Thursday";26;2;0
882;"2022-12-14";2022;12;"December";14;"Wednesday";50;4;0
883;"2021-03-29";2021;3;"March";29;"Monday";13;1;0
884;"2022-04-01";2022;4;"April";1;"Friday";13;2;0
885;"2023-05-06";2023;5;"May";6;"Saturday";18;2;1
886;"2023-09-20";2023;9;"September";20;"Wednesday";38;3;0
887;"2022-07-14";2022;7;"July";14;"Thursday";28;3;0
888;"2022-11-07";2022;11;"November";7;"Monday";45;4;0
889;"2021-04-07";2021;4;"April";7;"Wednesday";14;2;0
890;"2022-10-20";2022;10;"October";20;"Thursday";42;4;0
891;"2023-08-16";2023;8;"August";16;"Wednesday";33;3;0
892;"2022-09-27";2022;9;"September";27;"Tuesday";39;3;0
893;"2021-11-10";2021;11;"November";10;"Wednesday";45;4;0
894;"2023-07-15";2023;7;"July";15;"Saturday";28;3;1
895;"2023-11-18";2023;11;"November";18;"Saturday";46;4;1
896;"2022-11-13";2022;11;"November";13;"Sunday";46;4;1
897;"2023-08-24";2023;8;"August";24;"Thursday";34;3;0
898;"2022-06-08";2022;6;"June";8;"Wednesday";23;2;0
899;"2023-11-24";2023;11;"November";24;"Friday";47;4;0
900;"2022-12-16";2022;12;"December";16;"Friday";50;4;0
901;"2022-10-01";2022;10;"October";1;"Saturday";39;4;1
902;"2024-02-09";2024;2;"February";9;"Friday";5;1;0
903;"2024-01-24";2024;1;"January";24;"Wednesday";3;1;0
904;"2021-06-01";2021;6;"June";1;"Tuesday";22;2;0
905;"2023-01-03";2023;1;"January";3;"Tuesday";1;1;0
906;"2023-01-04";2023;1;"January";4;"Wednesday";1;1;0
907;"2023-01-30";2023;1;"January";30;"Monday";5;1;0
908;"2022-03-05";2022;3;"March";5;"Saturday";9;1;1
909;"2022-08-12";2022;8;"August";12;"Friday";32;3;0
910;"2023-07-31";2023;7;"July";31;"Monday";31;3;0
911;"2022-09-07";2022;9;"September";7;"Wednesday";36;3;0
912;"2021-09-19";2021;9;"September";19;"Sunday";38;3;1
913;"2021-08-25";2021;8;"August";25;"Wednesday";34;3;0
914;"2021-10-11";2021;10;"October";11;"Monday";41;4;0
915;"2022-09-15";2022;9;"September";15;"Thursday";37;3;0
916;"2022-08-29";2022;8;"August";29;"Monday";35;3;0
917;"2023-07-22";2023;7;"July";22;"Saturday";29;3;1
918;"2022-10-03";2022;10;"October";3;"Monday";40;4;0
919;"2021-08-04";2021;8;"August";4;"Wednesday";31;3;0
920;"2021-09-09";2021;9;"September";9;"Thursday";36;3;0
921;"2021-06-09";2021;6;"June";9;"Wednesday";23;2;0
922;"2023-06-18";2023;6;"June";18;"Sunday";25;2;1
923;"2022-06-21";2022;6;"June";21;"Tuesday";25;2;0
924;"2024-03-02";2024;3;"March";2;"Saturday";8;1;1
925;"2023-07-10";2023;7;"July";10;"Monday";28;3;0
926;"2022-04-19";2022;4;"April";19;"Tuesday";16;2;0
927;"2023-04-30";2023;4;"April";30;"Sunday";18;2;1
928;"2022-06-18";2022;6;"June";18;"Saturday";24;2;1
929;"2022-09-28";2022;9;"September";28;"Wednesday";39;3;0
930;"2023-04-26";2023;4;"April";26;"Wednesday";17;2;0
931;"2023-12-05";2023;12;"December";5;"Tuesday";49;4;0
932;"2023-10-24";2023;10;"October";24;"Tuesday";43;4;0
933;"2021-08-31";2021;8;"August";31;"Tuesday";35;3;0
934;"2022-03-28";2022;3;"March";28;"Monday";13;1;0
935;"2023-06-28";2023;6;"June";28;"Wednesday";26;2;0
936;"2024-02-26";2024;2;"February";26;"Monday";8;1;0
937;"2023-01-21";2023;1;"January";21;"Saturday";3;1;1
938;"2022-05-13";2022;5;"May";13;"Friday";19;2;0
939;"2022-12-02";2022;12;"December";2;"Friday";48;4;0
940;"2022-12-07";2022;12;"December";7;"Wednesday";49;4;0
941;"2021-03-15";2021;3;"March";15;"Monday";11;1;0
942;"2022-04-11";2022;4;"April";11;"Monday";15;2;0
943;"2021-08-15";2021;8;"August";15;"Sunday";33;3;1
944;"2022-08-20";2022;8;"August";20;"Saturday";33;3;1
945;"2023-10-03";2023;10;"October";3;"Tuesday";40;4;0
946;"2023-07-06";2023;7;"July";6;"Thursday";27;3;0
947;"2023-03-25";2023;3;"March";25;"Saturday";12;1;1
948;"2023-12-19";2023;12;"December";19;"Tuesday";51;4;0
949;"2024-01-03";2024;1;"January";3;"Wednesday";0;1;0
950;"2023-11-19";2023;11;"November";19;"Sunday";47;4;1
951;"2022-04-07";2022;4;"April";7;"Thursday";14;2;0
952;"2021-04-22";2021;4;"April";22;"Thursday";16;2;0
953;"2023-05-12";2023;5;"May";12;"Friday";19;2;0
954;"2021-06-08";2021;6;"June";8;"Tuesday";23;2;0
955;"2022-03-29";2022;3;"March";29;"Tuesday";13;1;0
956;"2022-12-01";2022;12;"December";1;"Thursday";48;4;0
957;"2021-12-06";2021;12;"December";6;"Monday";49;4;0
958;"2022-07-03";2022;7;"July";3;"Sunday";27;3;1
959;"2021-11-17";2021;11;"November";17;"Wednesday";46;4;0
960;"2024-01-30";2024;1;"January";30;"Tuesday";4;1;0
961;"2021-12-21";2021;12;"December";21;"Tuesday";51;4;0
962;"2023-10-07";2023;10;"October";7;"Saturday";40;4;1
963;"2022-10-12";2022;10;"October";12;"Wednesday";41;4;0
964;"2023-09-04";2023;9;"September";4;"Monday";36;3;0
965;"2022-09-11";2022;9;"September";11;"Sunday";37;3;1
966;"2022-01-19";2022;1;"January";19;"Wednesday";3;1;0
967;"2021-06-27";2021;6;"June";27;"Sunday";26;2;1
968;"2023-03-02";2023;3;"March";2;"Thursday";9;1;0
969;"2022-02-15";2022;2;"February";15;"Tuesday";7;1;0
970;"2022-04-04";2022;4;"April";4;"Monday";14;2;0
971;"2022-08-24";2022;8;"August";24;"Wednesday";34;3;0
972;"2022-01-07";2022;1;"January";7;"Friday";1;1;0
973;"2022-12-15";2022;12;"December";15;"Thursday";50;4;0
974;"2021-05-16";2021;5;"May";16;"Sunday";20;2;1
975;"2023-09-14";2023;9;"September";14;"Thursday";37;3;0
976;"2023-11-11";2023;11;"November";11;"Saturday";45;4;1
977;"2024-02-07";2024;2;"February";7;"Wednesday";5;1;0
978;"2023-05-16";2023;5;"May";16;"Tuesday";20;2;0
979;"2022-12-26";2022;12;"December";26;"Monday";52;4;0
980;"2021-05-20";2021;5;"May";20;"Thursday";20;2;0
981;"2021-06-06";2021;6;"June";6;"Sunday";23;2;1
982;"2022-04-16";2022;4;"April";16;"Saturday";15;2;1
983;"2021-06-16";2021;6;"June";16;"Wednesday";24;2;0
984;"2021-12-09";2021;12;"December";9;"Thursday";49;4;0
985;"2023-04-25";2023;4;"April";25;"Tuesday";17;2;0
986;"2023-04-22";2023;4;"April";22;"Saturday";16;2;1
987;"2022-03-17";2022;3;"March";17;"Thursday";11;1;0
988;"2022-11-16";2022;11;"November";16;"Wednesday";46;4;0
989;"2021-04-18";2021;4;"April";18;"Sunday";16;2;1
990;"2024-01-01";2024;1;"January";1;"Monday";0;1;0
991;"2024-02-12";2024;2;"February";12;"Monday";6;1;0
992;"2021-12-11";2021;12;"December";11;"Saturday";49;4;1
993;"2023-11-10";2023;11;"November";10;"Friday";45;4;0
994;"2022-11-28";2022;11;"November";28;"Monday";48;4;0
995;"2022-06-01";2022;6;"June";1;"Wednesday";22;2;0
996;"2023-06-12";2023;6;"June";12;"Monday";24;2;0
997;"2021-08-11";2021;8;"August";11;"Wednesday";32;3;0
998;"2022-11-30";2022;11;"November";30;"Wednesday";48;4;0
999;"2023-02-03";2023;2;"February";3;"Friday";5;1;0
1000;"2024-02-08";2024;2;"February";8;"Thursday";5;1;0
1001;"2022-10-09";2022;10;"October";9;"Sunday";41;4;1
1002;"2021-11-06";2021;11;"November";6;"Saturday";44;4;1
1003;"2023-09-25";2023;9;"September";25;"Monday";39;3;0
1004;"2021-04-06";2021;4;"April";6;"Tuesday";14;2;0
1005;"2023-05-11";2023;5;"May";11;"Thursday";19;2;0
1006;"2021-11-03";2021;11;"November";3;"Wednesday";44;4;0
1007;"2022-04-18";2022;4;"April";18;"Monday";16;2;0
1008;"2021-05-24";2021;5;"May";24;"Monday";21;2;0
1009;"2022-01-26";2022;1;"January";26;"Wednesday";4;1;0
1010;"2021-08-10";2021;8;"August";10;"Tuesday";32;3;0
1011;"2021-06-05";2021;6;"June";5;"Saturday";22;2;1
1012;"2021-07-21";2021;7;"July";21;"Wednesday";29;3;0
1013;"2022-09-06";2022;9;"September";6;"Tuesday";36;3;0
1014;"2022-02-16";2022;2;"February";16;"Wednesday";7;1;0
1015;"2023-02-16";2023;2;"February";16;"Thursday";7;1;0
1016;"2022-03-04";2022;3;"March";4;"Friday";9;1;0
1017;"2024-01-11";2024;1;"January";11;"Thursday";1;1;0
1018;"2022-07-23";2022;7;"July";23;"Saturday";29;3;1
1019;"2021-10-04";2021;10;"October";4;"Monday";40;4;0
1020;"2023-07-27";2023;7;"July";27;"Thursday";30;3;0
1021;"2022-06-28";2022;6;"June";28;"Tuesday";26;2;0
1022;"2023-08-09";2023;8;"August";9;"Wednesday";32;3;0
1023;"2023-01-24";2023;1;"January";24;"Tuesday";4;1;0
1024;"2023-05-03";2023;5;"May";3;"Wednesday";18;2;0
1025;"2022-08-31";2022;8;"August";31;"Wednesday";35;3;0
1026;"2023-06-07";2023;6;"June";7;"Wednesday";23;2;0
1027;"2023-09-02";2023;9;"September";2;"Saturday";35;3;1
1028;"2023-07-01";2023;7;"July";1;"Saturday";26;3;1
1029;"2023-02-23";2023;2;"February";23;"Thursday";8;1;0
1030;"2021-10-06";2021;10;"October";6;"Wednesday";40;4;0
1031;"2022-04-29";2022;4;"April";29;"Friday";17;2;0
1032;"2022-04-02";2022;4;"April";2;"Saturday";13;2;1
1033;"2022-04-20";2022;4;"April";20;"Wednesday";16;2;0
1034;"2022-04-22";2022;4;"April";22;"Friday";16;2;0
1035;"2022-04-09";2022;4;"April";9;"Saturday";14;2;1
1036;"2022-02-11";2022;2;"February";11;"Friday";6;1;0
1037;"2023-03-07";2023;3;"March";7;"Tuesday";10;1;0
1038;"2023-03-18";2023;3;"March";18;"Saturday";11;1;1
1039;"2021-07-09";2021;7;"July";9;"Friday";27;3;0
1040;"2024-01-28";2024;1;"January";28;"Sunday";4;1;1
1041;"2023-07-09";2023;7;"July";9;"Sunday";28;3;1
1042;"2023-08-05";2023;8;"August";5;"Saturday";31;3;1
1043;"2024-01-13";2024;1;"January";13;"Saturday";1;1;1
1044;"2024-02-16";2024;2;"February";16;"Friday";6;1;0
1045;"2023-02-05";2023;2;"February";5;"Sunday";6;1;1
1046;"2022-11-21";2022;11;"November";21;"Monday";47;4;0
1047;"2022-06-27";2022;6;"June";27;"Monday";26;2;0
1048;"2023-04-02";2023;4;"April";2;"Sunday";14;2;1
1049;"2021-05-31";2021;5;"May";31;"Monday";22;2;0
1050;"2022-03-20";2022;3;"March";20;"Sunday";12;1;1
1051;"2021-10-18";2021;10;"October";18;"Monday";42;4;0
1052;"2021-10-05";2021;10;"October";5;"Tuesday";40;4;0
1053;"2022-10-15";2022;10;"October";15;"Saturday";41;4;1
1054;"2023-01-22";2023;1;"January";22;"Sunday";4;1;1
1055;"2022-08-19";2022;8;"August";19;"Friday";33;3;0
1056;"2022-12-12";2022;12;"December";12;"Monday";50;4;0
1057;"2023-01-08";2023;1;"January";8;"Sunday";2;1;1
1058;"2021-03-24";2021;3;"March";24;"Wednesday";12;1;0
1059;"2024-03-03";2024;3;"March";3;"Sunday";9;1;1
1060;"2022-09-26";2022;9;"September";26;"Monday";39;3;0
1061;"2023-04-10";2023;4;"April";10;"Monday";15;2;0
1062;"2022-06-29";2022;6;"June";29;"Wednesday";26;2;0
1063;"2022-03-09";2022;3;"March";9;"Wednesday";10;1;0
1064;"2022-11-23";2022;11;"November";23;"Wednesday";47;4;0
1065;"2023-01-11";2023;1;"January";11;"Wednesday";2;1;0
1066;"2023-01-19";2023;1;"January";19;"Thursday";3;1;0
1067;"2024-01-14";2024;1;"January";14;"Sunday";2;1;1
1068;"2022-08-11";2022;8;"August";11;"Thursday";32;3;0
1069;"2021-03-13";2021;3;"March";13;"Saturday";10;1;1
1070;"2022-03-19";2022;3;"March";19;"Saturday";11;1;1
1071;"2023-10-11";2023;10;"October";11;"Wednesday";41;4;0
1072;"2023-02-15";2023;2;"February";15;"Wednesday";7;1;0
1073;"2023-08-04";2023;8;"August";4;"Friday";31;3;0
1074;"2022-07-31";2022;7;"July";31;"Sunday";31;3;1
1075;"2021-10-25";2021;10;"October";25;"Monday";43;4;0
1076;"2023-04-23";2023;4;"April";23;"Sunday";17;2;1
1077;"2022-05-02";2022;5;"May";2;"Monday";18;2;0
1078;"2023-10-17";2023;10;"October";17;"Tuesday";42;4;0
1079;"2022-05-25";2022;5;"May";25;"Wednesday";21;2;0
1080;"2022-01-20";2022;1;"January";20;"Thursday";3;1;0
1081;"2023-03-27";2023;3;"March";27;"Monday";13;1;0
1082;"2022-11-01";2022;11;"November";1;"Tuesday";44;4;0
1083;"2021-04-03";2021;4;"April";3;"Saturday";13;2;1
1084;"2022-06-10";2022;6;"June";10;"Friday";23;2;0
1085;"2021-07-17";2021;7;"July";17;"Saturday";28;3;1
1086;"2023-11-22";2023;11;"November";22;"Wednesday";47;4;0
1087;"2021-07-01";2021;7;"July";1;"Thursday";26;3;0
1088;"2023-12-10";2023;12;"December";10;"Sunday";50;4;1
1089;"2023-08-26";2023;8;"August";26;"Saturday";34;3;1
1090;"2021-10-21";2021;10;"October";21;"Thursday";42;4;0
1091;"2023-12-14";2023;12;"December";14;"Thursday";50;4;0
1092;"2023-10-19";2023;10;"October";19;"Thursday";42;4;0
1093;"2023-09-13";2023;9;"September";13;"Wednesday";37;3;0
1094;"2023-05-14";2023;5;"May";14;"Sunday";20;2;1
1095;"2021-11-14";2021;11;"November";14;"Sunday";46;4;1
1096;"2021-04-01";2021;4;"April";1;"Thursday";13;2;0
1097;"2023-08-27";2023;8;"August";27;"Sunday";35;3;1
